[
{
  "model": "blogapp.author",
  "pk": 1,
  "fields": {
    "name": "John Doe",
    "bio": "American tech blogger and software engineer."
  }
},
{
  "model": "blogapp.author",
  "pk": 2,
  "fields": {
    "name": "Jane Smith",
    "bio": "Freelance writer focused on lifestyle and wellness."
  }
},
{
  "model": "blogapp.author",
  "pk": 3,
  "fields": {
    "name": "Alex Johnson",
    "bio": "Data scientist and AI enthusiast."
  }
},
{
  "model": "blogapp.author",
  "pk": 4,
  "fields": {
    "name": "Maria Garcia",
    "bio": "Travel journalist and photographer."
  }
},
{
  "model": "blogapp.author",
  "pk": 5,
  "fields": {
    "name": "James Brown",
    "bio": "Finance expert and stock market analyst."
  }
},
{
  "model": "blogapp.category",
  "pk": 1,
  "fields": {
    "name": "Technology"
  }
},
{
  "model": "blogapp.category",
  "pk": 2,
  "fields": {
    "name": "Lifestyle"
  }
},
{
  "model": "blogapp.category",
  "pk": 3,
  "fields": {
    "name": "Finance"
  }
},
{
  "model": "blogapp.tag",
  "pk": 1,
  "fields": {
    "name": "Programming"
  }
},
{
  "model": "blogapp.tag",
  "pk": 2,
  "fields": {
    "name": "Python"
  }
},
{
  "model": "blogapp.tag",
  "pk": 3,
  "fields": {
    "name": "Django"
  }
},
{
  "model": "blogapp.tag",
  "pk": 4,
  "fields": {
    "name": "Travel"
  }
},
{
  "model": "blogapp.tag",
  "pk": 5,
  "fields": {
    "name": "Health"
  }
},
{
  "model": "blogapp.tag",
  "pk": 6,
  "fields": {
    "name": "Investing"
  }
},
{
  "model": "blogapp.tag",
  "pk": 7,
  "fields": {
    "name": "AI"
  }
},
{
  "model": "blogapp.article",
  "pk": 1,
  "fields": {
    "title": "Getting Started with Django",
    "content": "This is a beginner guide to Django...",
    "pub_date": "2026-04-18T16:34:53Z",
    "author": 1,
    "category": 1,
    "tags": [
      1,
      2,
      3
    ]
  }
},
{
  "model": "blogapp.article",
  "pk": 2,
  "fields": {
    "title": "Healthy Morning Routine",
    "content": "How to start your day in the best way...",
    "pub_date": "2026-04-19T16:34:53Z",
    "author": 2,
    "category": 2,
    "tags": [
      5
    ]
  }
},
{
  "model": "blogapp.article",
  "pk": 3,
  "fields": {
    "title": "Machine Learning Basics",
    "content": "An introduction to ML concepts...",
    "pub_date": "2026-04-20T16:34:53Z",
    "author": 3,
    "category": 1,
    "tags": [
      2,
      7
    ]
  }
},
{
  "model": "blogapp.article",
  "pk": 4,
  "fields": {
    "title": "Budgeting for Beginners",
    "content": "Learn how to manage your personal finances...",
    "pub_date": "2026-04-21T16:34:53Z",
    "author": 5,
    "category": 3,
    "tags": [
      6
    ]
  }
},
{
  "model": "blogapp.article",
  "pk": 5,
  "fields": {
    "title": "My Trip to Japan",
    "content": "A travel diary from Tokyo to Kyoto...",
    "pub_date": "2026-04-22T16:34:53Z",
    "author": 4,
    "category": 2,
    "tags": [
      4
    ]
  }
},
{
  "model": "blogapp.article",
  "pk": 6,
  "fields": {
    "title": "Advanced Python Tricks",
    "content": "Useful tips and tricks for Python developers...",
    "pub_date": "2026-04-23T16:34:53Z",
    "author": 1,
    "category": 1,
    "tags": [
      1,
      2
    ]
  }
},
{
  "model": "blogapp.article",
  "pk": 7,
  "fields": {
    "title": "Investing in ETFs",
    "content": "Why ETFs are great for long-term growth...",
    "pub_date": "2026-04-24T16:34:53Z",
    "author": 5,
    "category": 3,
    "tags": [
      6
    ]
  }
},
{
  "model": "blogapp.article",
  "pk": 8,
  "fields": {
    "title": "Django REST Framework Guide",
    "content": "Building APIs with DRF...",
    "pub_date": "2026-04-25T16:34:53Z",
    "author": 1,
    "category": 1,
    "tags": [
      1,
      3
    ]
  }
},
{
  "model": "blogapp.article",
  "pk": 9,
  "fields": {
    "title": "Mindfulness Meditation",
    "content": "How to practice mindfulness daily...",
    "pub_date": "2026-04-26T16:34:53Z",
    "author": 2,
    "category": 2,
    "tags": [
      5
    ]
  }
},
{
  "model": "blogapp.article",
  "pk": 10,
  "fields": {
    "title": "Artificial Intelligence Trends 2025",
    "content": "What to expect in the next few years...",
    "pub_date": "2026-04-27T16:34:53Z",
    "author": 3,
    "category": 1,
    "tags": [
      7
    ]
  }
},
{
  "model": "blogapp.article",
  "pk": 11,
  "fields": {
    "title": "Solo Travel Tips",
    "content": "Essential advice for solo adventurers...",
    "pub_date": "2026-04-28T04:34:53Z",
    "author": 4,
    "category": 2,
    "tags": [
      4
    ]
  }
},
{
  "model": "blogapp.article",
  "pk": 12,
  "fields": {
    "title": "Python vs JavaScript",
    "content": "Comparing two of the most popular languages...",
    "pub_date": "2026-04-28T10:34:53Z",
    "author": 1,
    "category": 1,
    "tags": [
      1,
      2
    ]
  }
},
{
  "model": "shopapp.product",
  "pk": 1,
  "fields": {
    "name": "Laptop",
    "description": "Maxime non doloremque ab nemo Desktop",
    "price": "1999.00",
    "discount": 0,
    "created_at": "2026-04-10T10:02:54.088Z",
    "archived": false,
    "created_by": null,
    "preview": ""
  }
},
{
  "model": "shopapp.product",
  "pk": 2,
  "fields": {
    "name": "Desktop",
    "description": "",
    "price": "2599.00",
    "discount": 10,
    "created_at": "2026-04-10T10:02:54.088Z",
    "archived": false,
    "created_by": null,
    "preview": "products/product_2/preview/modern-computer-isolated-white-background-generate-ai_740533-3876.jpg"
  }
},
{
  "model": "shopapp.product",
  "pk": 3,
  "fields": {
    "name": "Smartphone",
    "description": "Maxime non doloremque ab nemo nisi a fuga magnam pariatur voluptatem quos. Id reiciendis possimus in doloribus tempore enim impedit ad eveniet deserunt veritatis, expedita aperiam iste enim animi dolorum reiciendis hic voluptatum ipsa reprehenderit, nihil dolorem corrupti repellat libero iure expedita quis nemo accusamus fuga, laudantium illum quas dolorem at sed odit perferendis ad consequuntur, quibusdam ipsam quidem dolores atque inventore facere facilis velit error dolorum? Saepe sint aspernatur porro vitae placeat nostrum a, dicta iste veritatis tempora provident, culpa quam earum laborum, quod neque vero eos provident atque ipsum explicabo commodi ex, eius molestiae modi suscipit iusto ipsam accusantium odit illum quasi.",
    "price": "999.00",
    "discount": 25,
    "created_at": "2026-04-10T10:02:54.088Z",
    "archived": false,
    "created_by": null,
    "preview": ""
  }
},
{
  "model": "shopapp.product",
  "pk": 4,
  "fields": {
    "name": "Tablet",
    "description": "Super device",
    "price": "3999.00",
    "discount": 13,
    "created_at": "2026-04-14T10:41:17.976Z",
    "archived": false,
    "created_by": null,
    "preview": "products/product_4/preview/tablet.jpg"
  }
},
{
  "model": "shopapp.product",
  "pk": 5,
  "fields": {
    "name": "Phone2",
    "description": "phone 2 is better than phone 1\r\nthis is great phone!",
    "price": "1234.00",
    "discount": 0,
    "created_at": "2026-04-14T10:48:26.594Z",
    "archived": false,
    "created_by": null,
    "preview": ""
  }
},
{
  "model": "shopapp.product",
  "pk": 6,
  "fields": {
    "name": "Phone 3",
    "description": "phone 3",
    "price": "399.35",
    "discount": 12,
    "created_at": "2026-04-14T11:19:49.041Z",
    "archived": false,
    "created_by": null,
    "preview": ""
  }
},
{
  "model": "shopapp.product",
  "pk": 7,
  "fields": {
    "name": "Desktop 2",
    "description": "desktop 2",
    "price": "4500.00",
    "discount": 15,
    "created_at": "2026-04-14T11:21:56.589Z",
    "archived": false,
    "created_by": null,
    "preview": ""
  }
},
{
  "model": "shopapp.product",
  "pk": 9,
  "fields": {
    "name": "Laptop (new)",
    "description": "something about laptop",
    "price": "8686.00",
    "discount": 14,
    "created_at": "2026-04-18T12:33:02.616Z",
    "archived": false,
    "created_by": null,
    "preview": ""
  }
},
{
  "model": "shopapp.product",
  "pk": 10,
  "fields": {
    "name": "Tablet (new)",
    "description": "tablet 2 text about this gadget",
    "price": "1235.00",
    "discount": 20,
    "created_at": "2026-04-19T11:57:21.411Z",
    "archived": false,
    "created_by": null,
    "preview": ""
  }
},
{
  "model": "shopapp.product",
  "pk": 11,
  "fields": {
    "name": "Tablet (new)",
    "description": "A new tablet!",
    "price": "4555.00",
    "discount": 5,
    "created_at": "2026-04-21T14:11:38.926Z",
    "archived": false,
    "created_by": 1,
    "preview": ""
  }
},
{
  "model": "shopapp.product",
  "pk": 12,
  "fields": {
    "name": "Notebook",
    "description": "Super notebook!!!",
    "price": "6500.00",
    "discount": 35,
    "created_at": "2026-04-26T12:24:27.964Z",
    "archived": false,
    "created_by": 1,
    "preview": ""
  }
},
{
  "model": "shopapp.product",
  "pk": 13,
  "fields": {
    "name": "gadget 1",
    "description": "",
    "price": "199.00",
    "discount": 10,
    "created_at": "2026-04-28T12:58:38.372Z",
    "archived": false,
    "created_by": null,
    "preview": ""
  }
},
{
  "model": "shopapp.product",
  "pk": 14,
  "fields": {
    "name": "gadget 2",
    "description": "",
    "price": "280.00",
    "discount": 10,
    "created_at": "2026-04-28T12:58:38.372Z",
    "archived": false,
    "created_by": null,
    "preview": ""
  }
},
{
  "model": "shopapp.product",
  "pk": 15,
  "fields": {
    "name": "gadget 3",
    "description": "",
    "price": "350.00",
    "discount": 10,
    "created_at": "2026-04-28T12:58:38.372Z",
    "archived": false,
    "created_by": null,
    "preview": ""
  }
},
{
  "model": "shopapp.product",
  "pk": 16,
  "fields": {
    "name": "Laptop 14",
    "description": "A new one",
    "price": "2299.00",
    "discount": 5,
    "created_at": "2026-05-03T10:35:49.438Z",
    "archived": false,
    "created_by": null,
    "preview": ""
  }
},
{
  "model": "shopapp.product",
  "pk": 17,
  "fields": {
    "name": "Laptop 16",
    "description": "A bigger one",
    "price": "3299.00",
    "discount": 7,
    "created_at": "2026-05-03T10:35:49.438Z",
    "archived": false,
    "created_by": null,
    "preview": ""
  }
},
{
  "model": "shopapp.product",
  "pk": 18,
  "fields": {
    "name": "Laptop 13",
    "description": "A smaller one",
    "price": "1299.00",
    "discount": 3,
    "created_at": "2026-05-03T11:58:51.627Z",
    "archived": false,
    "created_by": null,
    "preview": ""
  }
},
{
  "model": "shopapp.product",
  "pk": 19,
  "fields": {
    "name": "Laptop 15",
    "description": "One more big",
    "price": "2599.00",
    "discount": 5,
    "created_at": "2026-05-03T11:58:51.627Z",
    "archived": false,
    "created_by": null,
    "preview": ""
  }
},
{
  "model": "shopapp.productimage",
  "pk": 1,
  "fields": {
    "product": 2,
    "image": "products/product_2/images/modern-computer-monitor-with-technology-desktop.jpg",
    "description": "image 1"
  }
},
{
  "model": "shopapp.productimage",
  "pk": 2,
  "fields": {
    "product": 2,
    "image": "products/product_2/images/illustration-computer-laptop_1190219-37257.jpg",
    "description": "image 2"
  }
},
{
  "model": "shopapp.productimage",
  "pk": 3,
  "fields": {
    "product": 1,
    "image": "products/product_1/images/laptop-3.jpg",
    "description": ""
  }
},
{
  "model": "shopapp.productimage",
  "pk": 4,
  "fields": {
    "product": 1,
    "image": "products/product_1/images/laptop-2.jpg",
    "description": ""
  }
},
{
  "model": "shopapp.order",
  "pk": 1,
  "fields": {
    "delivery_address": "Lenin street, 2",
    "promocode": "SALE123",
    "created_at": "2026-04-10T10:55:58.162Z",
    "user": 1,
    "receipt": "",
    "products": [
      2,
      1,
      3
    ]
  }
},
{
  "model": "shopapp.order",
  "pk": 2,
  "fields": {
    "delivery_address": "Victory street, 13",
    "promocode": "LIKE123",
    "created_at": "2026-04-14T13:46:46.128Z",
    "user": 1,
    "receipt": "orders/receipts/receipt.txt",
    "products": [
      7
    ]
  }
},
{
  "model": "shopapp.order",
  "pk": 4,
  "fields": {
    "delivery_address": "South-green street, 8",
    "promocode": "VIP",
    "created_at": "2026-04-28T12:17:53.747Z",
    "user": 1,
    "receipt": "",
    "products": [
      2,
      7,
      1,
      9,
      12,
      6,
      5,
      3,
      4,
      10,
      11
    ]
  }
},
{
  "model": "shopapp.order",
  "pk": 5,
  "fields": {
    "delivery_address": "South-green street, 8",
    "promocode": "VIP1",
    "created_at": "2026-04-28T12:29:20.360Z",
    "user": 1,
    "receipt": "",
    "products": [
      2,
      7,
      1,
      9,
      12,
      6,
      5,
      3,
      4,
      10,
      11
    ]
  }
},
{
  "model": "shopapp.order",
  "pk": 6,
  "fields": {
    "delivery_address": "South-green street, 8",
    "promocode": "VIP12",
    "created_at": "2026-04-28T12:47:01.615Z",
    "user": 1,
    "receipt": "",
    "products": [
      2,
      7,
      1,
      9,
      12,
      6,
      5,
      3,
      4,
      10,
      11
    ]
  }
},
{
  "model": "shopapp.order",
  "pk": 7,
  "fields": {
    "delivery_address": "South-green street, 8",
    "promocode": "VIP123",
    "created_at": "2026-04-28T12:50:43.070Z",
    "user": 1,
    "receipt": "",
    "products": [
      2,
      7,
      1,
      9,
      12,
      6,
      5,
      3,
      4,
      10,
      11
    ]
  }
},
{
  "model": "shopapp.order",
  "pk": 12,
  "fields": {
    "delivery_address": "Central street, 45",
    "promocode": "SUPER12",
    "created_at": "2026-05-03T17:17:24.356Z",
    "user": 1,
    "receipt": "",
    "products": [
      1,
      3
    ]
  }
},
{
  "model": "shopapp.order",
  "pk": 13,
  "fields": {
    "delivery_address": "Oceanic street, 2",
    "promocode": "LUX99",
    "created_at": "2026-05-03T17:17:24.356Z",
    "user": 2,
    "receipt": "",
    "products": [
      2
    ]
  }
},
{
  "model": "myauth.profile",
  "pk": 1,
  "fields": {
    "user": 6,
    "bio": "Hello there",
    "agreement_accepted": false,
    "avatar": "profiles/profile_1/avatar/avatar.png"
  }
}
]
